product_name,brand_slug,category_slug,subcategory,gender,price,original_price,availability,product_url,image_1,image_2,image_3,image_4,image_match_type
Nike Air Force 1 '07,nike,shoes,Men's Shoes,Men,115.0,115,In Stock,https://www.nike.com/t/air-force-1-07-mens-shoes-jBrhbr/CT2302-100,"https://static.nike.com/a/images/t_default/u_9ddf04c7-2a9a-4d76-add1-d15af8f0263d,c_scale,fl_relative,w_1.0,h_1.0,fl_layer_apply/a42a5d53-2f99-4e78-a081-9d07a2d0774a/AIR+FORCE+1+%2707.png","https://static.nike.com/a/images/t_default/u_9ddf04c7-2a9a-4d76-add1-d15af8f0263d,c_scale,fl_relative,w_1.0,h_1.0,fl_layer_apply/deec30c7-92b4-46c9-8a7f-39a73eccdffa/AIR+FORCE+1+%2707.png","https://static.nike.com/a/images/t_default/u_9ddf04c7-2a9a-4d76-add1-d15af8f0263d,c_scale,fl_relative,w_1.0,h_1.0,fl_layer_apply/6363d086-10e5-4892-adf0-182acd58d116/AIR+FORCE+1+%2707.png","https://static.nike.com/a/images/t_default/u_9ddf04c7-2a9a-4d76-add1-d15af8f0263d,c_scale,fl_relative,w_1.0,h_1.0,fl_layer_apply/f65792df-0c9a-45a6-a54a-0f5e9ba2396f/AIR+FORCE+1+%2707.png",exact_match
Nike Zoom Vomero 5,nike,shoes,Women's Shoes,Women/Unisex,170.0,170,In Stock,https://www.nike.com/t/zoom-vomero-5-womens-shoes-KludgkH7/FD0884-025,"https://static.nike.com/a/images/t_default/u_9ddf04c7-2a9a-4d76-add1-d15af8f0263d,c_scale,fl_relative,w_1.0,h_1.0,fl_layer_apply/525c15c8-ff31-4a90-b77f-259e4fecbc96/W+NIKE+ZOOM+VOMERO+5.png","https://static.nike.com/a/images/t_default/u_9ddf04c7-2a9a-4d76-add1-d15af8f0263d,c_scale,fl_relative,w_1.0,h_1.0,fl_layer_apply/6056f431-2fa2-4d3e-9fdc-a83fcc36f32d/W+NIKE+ZOOM+VOMERO+5.png","https://static.nike.com/a/images/t_default/u_9ddf04c7-2a9a-4d76-add1-d15af8f0263d,c_scale,fl_relative,w_1.0,h_1.0,fl_layer_apply/4e029ef7-4b61-493c-a9b4-591fe367cebc/W+NIKE+ZOOM+VOMERO+5.png","https://static.nike.com/a/images/t_default/u_9ddf04c7-2a9a-4d76-add1-d15af8f0263d,c_scale,fl_relative,w_1.0,h_1.0,fl_layer_apply/017a9453-4c27-47a9-890d-afc27483dc2b/W+NIKE+ZOOM+VOMERO+5.png",exact_match
Nike Air Force 1 '07,nike,shoes,Men's Shoes,Men,115.0,115,In Stock,https://www.nike.com/t/air-force-1-07-mens-shoes-jBrhbr/CW2288-111,"https://static.nike.com/a/images/t_default/u_9ddf04c7-2a9a-4d76-add1-d15af8f0263d,c_scale,fl_relative,w_1.0,h_1.0,fl_layer_apply/e6da41fa-1be4-4ce5-b89c-22be4f1f02d4/AIR+FORCE+1+%2707.png","https://static.nike.com/a/images/t_default/u_9ddf04c7-2a9a-4d76-add1-d15af8f0263d,c_scale,fl_relative,w_1.0,h_1.0,fl_layer_apply/d0ad440c-2d9b-4a58-93a4-9e2ea050fea3/AIR+FORCE+1+%2707.png","https://static.nike.com/a/images/t_default/u_9ddf04c7-2a9a-4d76-add1-d15af8f0263d,c_scale,fl_relative,w_1.0,h_1.0,fl_layer_apply/d62499db-6a46-43a7-8135-cefaa88124ed/AIR+FORCE+1+%2707.png","https://static.nike.com/a/images/t_default/u_9ddf04c7-2a9a-4d76-add1-d15af8f0263d,c_scale,fl_relative,w_1.0,h_1.0,fl_layer_apply/6036bbbb-1cf1-410c-9546-8fb737c95797/AIR+FORCE+1+%2707.png",exact_match
Nike Air Force 1 '07,nike,shoes,Men's Shoes,Men,115.0,115,In Stock,https://www.nike.com/t/air-force-1-07-mens-shoes-jBrhbr/CW2288-001,"https://static.nike.com/a/images/t_default/u_9ddf04c7-2a9a-4d76-add1-d15af8f0263d,c_scale,fl_relative,w_1.0,h_1.0,fl_layer_apply/5daa00d9-afae-4125-a95c-fc71923b81c3/AIR+FORCE+1+%2707.png","https://static.nike.com/a/images/t_default/u_9ddf04c7-2a9a-4d76-add1-d15af8f0263d,c_scale,fl_relative,w_1.0,h_1.0,fl_layer_apply/68cb650b-834c-4a7f-9bc6-f5d152a2a09c/AIR+FORCE+1+%2707.png","https://static.nike.com/a/images/t_default/u_9ddf04c7-2a9a-4d76-add1-d15af8f0263d,c_scale,fl_relative,w_1.0,h_1.0,fl_layer_apply/60595005-c0b8-4cca-b70b-2204b2ef7817/AIR+FORCE+1+%2707.png","https://static.nike.com/a/images/t_default/u_9ddf04c7-2a9a-4d76-add1-d15af8f0263d,c_scale,fl_relative,w_1.0,h_1.0,fl_layer_apply/823a35ac-268c-4afe-8a5c-c5094b4e1269/AIR+FORCE+1+%2707.png",exact_match
Nike Air Force 1 '07,nike,shoes,Women's Shoes,Women,115.0,115,In Stock,https://www.nike.com/t/air-force-1-07-womens-shoes-b19lqD/DD8959-100,"https://static.nike.com/a/images/t_default/u_9ddf04c7-2a9a-4d76-add1-d15af8f0263d,c_scale,fl_relative,w_1.0,h_1.0,fl_layer_apply/e777c881-5b62-4250-92a6-362967f54cca/WMNS+AIR+FORCE+1+%2707.png",,,,not_available
"Air Jordan 3 Retro ""True Blue""",jordan,shoes,Men's Shoes,Women/Men/Unisex,230.0,230,In Stock,https://www.nike.com/t/air-jordan-3-retro-true-blue-mens-shoes-1ViayvSi/IF4396-104,"https://static.nike.com/a/images/t_default/u_126ab356-44d8-4a06-89b4-fcdcc8df0245,c_scale,fl_relative,w_1.0,h_1.0,fl_layer_apply/88e1020e-4f52-4000-b44c-b421c73b9db1/AIR+JORDAN+3+RETRO+OG.png","https://static.nike.com/a/images/t_default/u_126ab356-44d8-4a06-89b4-fcdcc8df0245,c_scale,fl_relative,w_1.0,h_1.0,fl_layer_apply/9f0dd42c-599c-48ad-8698-04a146a5794a/AIR+JORDAN+3+RETRO+OG.png","https://static.nike.com/a/images/t_default/u_126ab356-44d8-4a06-89b4-fcdcc8df0245,c_scale,fl_relative,w_1.0,h_1.0,fl_layer_apply/c757495b-affe-430c-a241-96fc1ef17f24/AIR+JORDAN+3+RETRO+OG.png","https://static.nike.com/a/images/t_default/u_126ab356-44d8-4a06-89b4-fcdcc8df0245,c_scale,fl_relative,w_1.0,h_1.0,fl_layer_apply/3f1487e6-5ffa-479c-9967-075fe3c9c13f/AIR+JORDAN+3+RETRO+OG.png",exact_match
Nike Air Force 1 '07,nike,shoes,Women's Shoes,Women,115.0,115,In Stock,https://www.nike.com/t/air-force-1-07-womens-shoes-b19lqD/DD8959-001,"https://static.nike.com/a/images/t_default/u_9ddf04c7-2a9a-4d76-add1-d15af8f0263d,c_scale,fl_relative,w_1.0,h_1.0,fl_layer_apply/28862ef5-d0f9-488c-9d37-702cd834ea2f/WMNS+AIR+FORCE+1+%2707.png",,,,not_available
"Air Jordan 3 ""World's Best""",jordan,shoes,Men's Shoes,Women/Men/Unisex,215.0,215,In Stock,https://www.nike.com/t/air-jordan-3-worlds-best-mens-shoes-1ViayvSi/IF4396-103,"https://static.nike.com/a/images/t_default/u_126ab356-44d8-4a06-89b4-fcdcc8df0245,c_scale,fl_relative,w_1.0,h_1.0,fl_layer_apply/31313d8b-c313-4270-91d8-f03d8078f960/AIR+JORDAN+3+RETRO+OG.png",,,,not_available
Nike P-6000,nike,shoes,Shoes,Men,125.0,125,In Stock,https://www.nike.com/t/p-6000-shoes-XkgpKW/CN0149-001,"https://static.nike.com/a/images/t_default/u_9ddf04c7-2a9a-4d76-add1-d15af8f0263d,c_scale,fl_relative,w_1.0,h_1.0,fl_layer_apply/mcdrf7uxgwnem8l0sv0q/NIKE+P-6000.png","https://static.nike.com/a/images/t_default/u_9ddf04c7-2a9a-4d76-add1-d15af8f0263d,c_scale,fl_relative,w_1.0,h_1.0,fl_layer_apply/ccmr1ghy91q9q5gfq0qf/NIKE+P-6000.png","https://static.nike.com/a/images/t_default/u_9ddf04c7-2a9a-4d76-add1-d15af8f0263d,c_scale,fl_relative,w_1.0,h_1.0,fl_layer_apply/jgvui3yzwr9ev3qwjs36/NIKE+P-6000.png","https://static.nike.com/a/images/t_default/u_9ddf04c7-2a9a-4d76-add1-d15af8f0263d,c_scale,fl_relative,w_1.0,h_1.0,fl_layer_apply/pjlv3ybri5npgoe58vbk/NIKE+P-6000.png",exact_match
Nike P-6000,nike,shoes,Shoes,Men/Unisex,115.0,115,In Stock,https://www.nike.com/t/p-6000-shoes-XkgpKW/CD6404-002,"https://static.nike.com/a/images/t_default/u_9ddf04c7-2a9a-4d76-add1-d15af8f0263d,c_scale,fl_relative,w_1.0,h_1.0,fl_layer_apply/v6vr4e25eoq1ncjxqcjq/NIKE+P-6000.png","https://static.nike.com/a/images/t_default/u_9ddf04c7-2a9a-4d76-add1-d15af8f0263d,c_scale,fl_relative,w_1.0,h_1.0,fl_layer_apply/e0q1bywfraskm8artcca/NIKE+P-6000.png","https://static.nike.com/a/images/t_default/u_9ddf04c7-2a9a-4d76-add1-d15af8f0263d,c_scale,fl_relative,w_1.0,h_1.0,fl_layer_apply/x8z08rn8uffytkiajtmn/NIKE+P-6000.png","https://static.nike.com/a/images/t_default/u_9ddf04c7-2a9a-4d76-add1-d15af8f0263d,c_scale,fl_relative,w_1.0,h_1.0,fl_layer_apply/olnifga5f4e4k2uymure/NIKE+P-6000.png",exact_match
Nike P-6000,nike,shoes,Men's Shoes,Men,68.97,115,In Stock,https://www.nike.com/t/p-6000-mens-shoes-XkgpKW/IR1477-010,"https://static.nike.com/a/images/t_default/u_9ddf04c7-2a9a-4d76-add1-d15af8f0263d,c_scale,fl_relative,w_1.0,h_1.0,fl_layer_apply/a3fdcacc-aac1-4a67-b5ea-0f4b4c30909b/NIKE+P-6000.png",,,,not_available
Nike P-6000 Fade,nike,shoes,Men's Shoes,Men/Unisex,125.0,125,In Stock,https://www.nike.com/t/p-6000-fade-mens-shoes-XkgpKW/IH4465-095,"https://static.nike.com/a/images/t_default/u_9ddf04c7-2a9a-4d76-add1-d15af8f0263d,c_scale,fl_relative,w_1.0,h_1.0,fl_layer_apply/8710354e-ed8a-4a8e-bddb-6bff5caca2cc/NIKE+P-6000.png","https://static.nike.com/a/images/t_default/u_9ddf04c7-2a9a-4d76-add1-d15af8f0263d,c_scale,fl_relative,w_1.0,h_1.0,fl_layer_apply/17eb5284-f81e-4b40-8471-49d556093f93/NIKE+P-6000.png","https://static.nike.com/a/images/t_default/u_9ddf04c7-2a9a-4d76-add1-d15af8f0263d,c_scale,fl_relative,w_1.0,h_1.0,fl_layer_apply/2ff1cc0f-e7fa-4a7b-9f3b-f5c0f54b90bd/NIKE+P-6000.png","https://static.nike.com/a/images/t_default/u_9ddf04c7-2a9a-4d76-add1-d15af8f0263d,c_scale,fl_relative,w_1.0,h_1.0,fl_layer_apply/0b296a0b-3c73-41b6-b8d5-1b704e091157/NIKE+P-6000.png",exact_match
Nike P-6000,nike,shoes,Men's Shoes,Men,90.97,115,In Stock,https://www.nike.com/t/p-6000-mens-shoes-XkgpKW/IR5279-002,"https://static.nike.com/a/images/t_default/u_9ddf04c7-2a9a-4d76-add1-d15af8f0263d,c_scale,fl_relative,w_1.0,h_1.0,fl_layer_apply/81187654-af4d-4fa5-b032-28bd9a748e71/NIKE+P-6000.png",,,,not_available
Nike P-6000,nike,shoes,Men's Shoes,Men,115.0,115,In Stock,https://www.nike.com/t/p-6000-mens-shoes-XkgpKW/IV6029-030,"https://static.nike.com/a/images/t_default/u_9ddf04c7-2a9a-4d76-add1-d15af8f0263d,c_scale,fl_relative,w_1.0,h_1.0,fl_layer_apply/844f8cdf-a128-43f5-b9ed-dd383878f8a4/NIKE+P-6000.png","https://static.nike.com/a/images/t_default/u_9ddf04c7-2a9a-4d76-add1-d15af8f0263d,c_scale,fl_relative,w_1.0,h_1.0,fl_layer_apply/2510b425-3584-44d9-a5b5-bca426d1b12e/NIKE+P-6000.png","https://static.nike.com/a/images/t_default/u_9ddf04c7-2a9a-4d76-add1-d15af8f0263d,c_scale,fl_relative,w_1.0,h_1.0,fl_layer_apply/7f773ece-cbef-475f-85e3-b7491aa43d92/NIKE+P-6000.png","https://static.nike.com/a/images/t_default/u_9ddf04c7-2a9a-4d76-add1-d15af8f0263d,c_scale,fl_relative,w_1.0,h_1.0,fl_layer_apply/8f6bbf7d-6685-4413-9838-4621f8b87082/NIKE+P-6000.png",exact_match
Nike P-6000,nike,shoes,Men's Shoes,Men,125.0,125,In Stock,https://www.nike.com/t/p-6000-mens-shoes-XkgpKW/IH8042-002,"https://static.nike.com/a/images/t_default/u_9ddf04c7-2a9a-4d76-add1-d15af8f0263d,c_scale,fl_relative,w_1.0,h_1.0,fl_layer_apply/2f5790e7-be82-4e5a-a919-ca33d9cf9f64/NIKE+P-6000+PRM.png",,,,not_available
Nike P-6000 SE,nike,shoes,Shoes,Men,125.0,125,In Stock,https://www.nike.com/t/p-6000-se-shoes-XkgpKW/IO3370-300,"https://static.nike.com/a/images/t_default/u_9ddf04c7-2a9a-4d76-add1-d15af8f0263d,c_scale,fl_relative,w_1.0,h_1.0,fl_layer_apply/47690382-3d0c-4aa4-b968-a4876e5bcf4c/NIKE+P-6000+SE+LOS.png",,,,not_available
Nike P-6000,nike,shoes,Men's Shoes,Men,115.0,115,In Stock,https://www.nike.com/t/p-6000-mens-shoes-XkgpKW/IR5279-001,"https://static.nike.com/a/images/t_default/u_9ddf04c7-2a9a-4d76-add1-d15af8f0263d,c_scale,fl_relative,w_1.0,h_1.0,fl_layer_apply/22c07c55-a2c7-4b76-9bd6-ee0b73b8edae/NIKE+P-6000.png",,,,not_available
Nike P-6000,nike,shoes,Men's Shoes,Men,115.0,115,In Stock,https://www.nike.com/t/p-6000-mens-shoes-XkgpKW/IR5279-003,"https://static.nike.com/a/images/t_default/u_9ddf04c7-2a9a-4d76-add1-d15af8f0263d,c_scale,fl_relative,w_1.0,h_1.0,fl_layer_apply/0708260a-b8ae-4cde-b40d-ce9d420eb58a/NIKE+P-6000.png",,,,not_available
Nike P-6000,nike,shoes,Shoes,Men,115.0,115,In Stock,https://www.nike.com/t/p-6000-shoes-XkgpKW/CD6404-108,"https://static.nike.com/a/images/t_default/u_9ddf04c7-2a9a-4d76-add1-d15af8f0263d,c_scale,fl_relative,w_1.0,h_1.0,fl_layer_apply/96062836-f1b5-468d-ae1e-fc88e61b76ee/NIKE+P-6000.png",,,,not_available
Nike P-6000 SE,nike,shoes,Men's Shoes,Men,125.0,125,In Stock,https://www.nike.com/t/p-6000-se-mens-shoes-XkgpKW/IR0923-001,"https://static.nike.com/a/images/t_default/u_9ddf04c7-2a9a-4d76-add1-d15af8f0263d,c_scale,fl_relative,w_1.0,h_1.0,fl_layer_apply/8ca1d05d-fc71-4876-9681-1006e1b82820/NIKE+P-6000+SE.png","https://static.nike.com/a/images/t_default/u_9ddf04c7-2a9a-4d76-add1-d15af8f0263d,c_scale,fl_relative,w_1.0,h_1.0,fl_layer_apply/0e6eba97-c8f7-448a-b90d-ff7f2b57a66d/NIKE+P-6000+SE.png","https://static.nike.com/a/images/t_default/u_9ddf04c7-2a9a-4d76-add1-d15af8f0263d,c_scale,fl_relative,w_1.0,h_1.0,fl_layer_apply/2114a268-9a97-44bb-957b-683f290e9441/NIKE+P-6000+SE.png","https://static.nike.com/a/images/t_default/u_9ddf04c7-2a9a-4d76-add1-d15af8f0263d,c_scale,fl_relative,w_1.0,h_1.0,fl_layer_apply/efa343da-7931-4c78-87c8-b024a03391e7/NIKE+P-6000+SE.png",exact_match
